{
    "averge_document_length": {
        "stars": 6.184738955823293,
        "genres": 2.5502008032128516,
        "summaries": 465.0281124497992
    },
    "document_count": 249
}